{"cameraMode":{"drawMode":0,"name":"Shaded","section":"Shading Mode"},"sceneLighting":false,"audioPlay":false,"sceneViewState":{"m_AlwaysRefresh":false,"showFog":true,"showSkybox":true,"showFlares":true,"showImageEffects":true,"showParticleSystems":true,"showVisualEffectGraphs":true,"m_FxEnabled":true},"in2DMode":false,"pivot":{"x":1.858344554901123,"y":1.7081185579299927,"z":-0.6805908679962158},"rotation":{"x":-0.16210173070430757,"y":-0.5763940811157227,"z":0.11762314289808274,"w":-0.7924619317054749},"size":1.7440106868743897,"orthographic":false}